{"../logs/data/accuracy/test": [[1529986172.880221, 0, 0.0], [1529986174.4949057, 1, 0.0], [1529986176.0966227, 2, 0.0]], "../logs/data/accuracy/valid": [[1529986172.880221, 0, 0.0], [1529986174.4949057, 1, 0.0], [1529986176.0966227, 2, 0.0]]}