{"../logs/data/accuracy/valid": [[1530113069.2118478, 0, 0.806640625], [1530113106.7047553, 1, 0.8072265625], [1530113144.387209, 2, 0.80517578125], [1530113183.4495337, 3, 0.80517578125], [1530113221.2229643, 4, 0.80693359375], [1530113412.1140225, 5, 0.8048828125], [1530113448.9633737, 6, 0.80576171875], [1530113486.087086, 7, 0.8083984375], [1530113522.3221836, 8, 0.8078125], [1530113558.3839746, 9, 0.80634765625]], "../logs/data/accuracy/test": [[1530113069.2118478, 0, 0.80546875], [1530113106.7047553, 1, 0.80693359375], [1530113144.387209, 2, 0.80693359375], [1530113183.4495337, 3, 0.8060546875], [1530113221.2229643, 4, 0.80693359375], [1530113412.1140225, 5, 0.806640625], [1530113448.9633737, 6, 0.806640625], [1530113486.087086, 7, 0.80517578125], [1530113522.3221836, 8, 0.8060546875], [1530113558.3839746, 9, 0.8072265625]]}