{"../logs/data/accuracy/valid": [[1530070940.1529248, 0, 0.8046875], [1530070964.8460124, 1, 0.8060396634615384], [1530070989.7025297, 2, 0.8053635817307693], [1530071016.0024903, 3, 0.8058143028846154], [1530071040.886301, 4, 0.8053635817307693], [1530071065.8850493, 5, 0.8062650240384616], [1530071090.5282505, 6, 0.8058143028846154], [1530071115.2940724, 7, 0.8051382211538461], [1530071140.0383904, 8, 0.8051382211538461], [1530071164.9948504, 9, 0.8051382211538461]], "../logs/data/accuracy/test": [[1530070940.1529248, 0, 0.8064903846153846], [1530070964.8460124, 1, 0.8055889423076923], [1530070989.7025297, 2, 0.8064903846153846], [1530071016.0024903, 3, 0.8064903846153846], [1530071040.886301, 4, 0.8064903846153846], [1530071065.8850493, 5, 0.8058143028846154], [1530071090.5282505, 6, 0.8044621394230769], [1530071115.2940724, 7, 0.8055889423076923], [1530071140.0383904, 8, 0.8053635817307693], [1530071164.9948504, 9, 0.8062650240384616]]}