{"../logs/data/accuracy/test": [[1529993089.800069, 0, 0.6666666666666666], [1529993091.374859, 1, 0.6666666666666666], [1529993093.028439, 2, 0.6666666666666666], [1529993094.781754, 3, 0.6666666666666666], [1529993096.450293, 4, 0.6666666666666666], [1529993098.060988, 5, 0.6666666666666666], [1529993099.701603, 6, 0.6666666666666666], [1529993101.3402228, 7, 0.6666666666666666], [1529993103.0386832, 8, 0.6666666666666666], [1529993104.704234, 9, 0.6666666666666666]], "../logs/data/accuracy/valid": [[1529993089.800069, 0, 0.6666666666666666], [1529993091.374859, 1, 0.6666666666666666], [1529993093.028439, 2, 0.6666666666666666], [1529993094.781754, 3, 0.6666666666666666], [1529993096.450293, 4, 0.6666666666666666], [1529993098.060988, 5, 0.6666666666666666], [1529993099.701603, 6, 0.6666666666666666], [1529993101.3402228, 7, 0.6666666666666666], [1529993103.0386832, 8, 0.6666666666666666], [1529993104.704234, 9, 0.6666666666666666]]}