{"../logs/data/accuracy/valid": [[1530943752.0731122, 0, 0.8059999999999996], [1530944401.8414974, 1, 0.8059999999999998], [1530945045.9705904, 2, 0.8060000000000004], [1530945687.9639866, 3, 0.806], [1530946323.4857428, 4, 0.806], [1530946971.645128, 5, 0.8059999999999996], [1530947612.6798496, 6, 0.806], [1530948251.9280522, 7, 0.8059999999999996], [1530948897.7911043, 8, 0.8059999999999999], [1530949536.5464697, 9, 0.806]], "../logs/data/accuracy/test": [[1530943752.0731122, 0, 0.8059999999999996], [1530944401.8414974, 1, 0.8059999999999999], [1530945045.9705904, 2, 0.806], [1530945687.9639866, 3, 0.8059999999999999], [1530946323.4857428, 4, 0.806], [1530946971.645128, 5, 0.806], [1530947612.6798496, 6, 0.8059999999999998], [1530948251.9280522, 7, 0.806], [1530948897.7911043, 8, 0.8059999999999999], [1530949536.5464697, 9, 0.8059999999999999]]}