{"../logs/data/accuracy/valid": [[1530678728.733663, 0, 0.8076171875], [1530678782.3981414, 1, 0.8076171875], [1530678836.7979052, 2, 0.8076171875], [1530678891.638613, 3, 0.7958984375], [1530678946.698768, 4, 0.8046875], [1530679001.3187711, 5, 0.810546875], [1530679055.9582045, 6, 0.8076171875], [1530679110.8585243, 7, 0.8046875], [1530679165.3688855, 8, 0.8046875], [1530679220.358703, 9, 0.8076171875]], "../logs/data/accuracy/test": [[1530678728.733663, 0, 0.8076171875], [1530678782.3981414, 1, 0.8046875], [1530678836.7979052, 2, 0.8076171875], [1530678891.638613, 3, 0.8076171875], [1530678946.698768, 4, 0.8017578125], [1530679001.3187711, 5, 0.8076171875], [1530679055.9582045, 6, 0.8076171875], [1530679110.8585243, 7, 0.8046875], [1530679165.3688855, 8, 0.798828125], [1530679220.358703, 9, 0.8046875]]}